Consultas principales,Clics,Impresiones,CTR,Posición
poketypes,8,162,4.94%,6.27
poke type,0,22,0%,13.82
pokemon type calculator,0,15,0%,88.73
type coverage calculator pokemon,0,5,0%,80.8
pokemon calculator type,0,5,0%,82.4
pokemon type coverage calculator,0,4,0%,82.25
pokemon team weakness calculator,0,4,0%,87.25
pokémon type calculator,0,4,0%,87.5
poketype calculator,0,3,0%,8.33
pokemon weakness calculator,0,3,0%,83.67
pokemon typen rechner,0,3,0%,86.33
poketype chart,0,2,0%,36.5
pokemon type chart,0,2,0%,50.5
type calculator,0,2,0%,61.5
pokémon weakness calculator,0,2,0%,69.5
pokémon type coverage calculator,0,2,0%,74.5
pokemon schwächen rechner,0,2,0%,76.5
type weakness chart,0,2,0%,82
all pokemon types and weaknesses,0,2,0%,87
pokémon team weakness calculator,0,2,0%,93.5
type weakness,0,2,0%,99.5
pokémon type chart calculator,0,1,0%,3
pokemon type effectiveness chart gen 9,0,1,0%,8
all pokémon types and weaknesses,0,1,0%,31
pokemon types weakness chart,0,1,0%,48
pokemon team type calculator,0,1,0%,57
pokémon type chart,0,1,0%,57
pokemon type coverage,0,1,0%,58
type calc,0,1,0%,58
pokemon weakness chart,0,1,0%,62
poke type calc,0,1,0%,63
pokemon type weakness calculator,0,1,0%,64
calcolatore debolezze pokemon,0,1,0%,70
all type weaknesses,0,1,0%,72
pokémon effective chart,0,1,0%,73
pokemon type resistance calculator,0,1,0%,77
pokémon type weakness calculator,0,1,0%,79
pokémon type weakness,0,1,0%,81
all pokemon types and their weaknesses,0,1,0%,83
weakness calculator pokemon,0,1,0%,86
calculadora debilidades pokemon,0,1,0%,88
pokemon types and weaknesses,0,1,0%,90
pokémon team type coverage calculator,0,1,0%,90
type coverage chart,0,1,0%,90
pokemon type calc,0,1,0%,91
pokemon type tester,0,1,0%,94
type calculator pokemon,0,1,0%,95
pokemon type weaknesses calculator,0,1,0%,96
poke type chart,0,1,0%,98
pokemon type chart maker,0,1,0%,98
pokemon type effectiveness calculator,0,1,0%,98